cloud_cover,month,year,day_of_year,revisit_gap_hours
93.275706,12,2015,351,0.0
61.553484,12,2015,351,0.0
0.286533,1,2016,3,407.8277772222222
99.857255,1,2016,16,312.1583336111111
99.996892,1,2016,16,0.0
41.514633,2,2016,33,407.81111111111113
0.134816,2,2016,46,312.14722222222224
0.320401,2,2016,46,0.0
0.199271,3,2016,63,407.81388888888887
46.807207,3,2016,76,312.1638888888889
21.077266,3,2016,76,0.0
0.106094,4,2016,93,407.8361111111111
28.062982,4,2016,106,312.1666666666667
75.516397,4,2016,106,0.0
0.284286,5,2016,126,479.9999991666666
0.701888,5,2016,126,0.0
0.196422,5,2016,133,167.8361111111111
26.683793,5,2016,146,312.1638888888889
10.026188,5,2016,146,0.0
87.816976,6,2016,153,167.8361111111111
6.853414,6,2016,166,312.1638888888889
78.221202,6,2016,166,0.0
21.330088,6,2016,173,167.8361111111111
13.001305,7,2016,193,479.99999972222224
0.300507,7,2016,206,312.1638888888889
0.690656,7,2016,206,0.0
22.466001,8,2016,226,480.0
12.039867,8,2016,226,0.0
7.832451,9,2016,246,480.0
43.089538,9,2016,246,0.0
2.296107,9,2016,266,479.9972222222222
19.268268,9,2016,266,0.0
61.360197,10,2016,286,480.0027777777778
86.585015,10,2016,286,0.0
6.179127,11,2016,306,480.02777777777777
37.513611,11,2016,306,0.0
20.245931,11,2016,316,240.1472222222222
5.492446,11,2016,316,0.0
5.532052,12,2016,336,479.8888888888889
5.713389,12,2016,336,0.0
99.834434,12,2016,346,240.00555555555556
96.387783,12,2016,346,0.0
59.344439,12,2016,356,240.00277777777777
82.572331,12,2016,356,0.0
77.40351,1,2017,10,479.9913888888889
69.085071,1,2017,30,479.9805555555555
97.162414,2,2017,50,479.9638888888889
99.824739,2,2017,50,0.0
0.889243,3,2017,60,239.98888888888888
0.354813,3,2017,60,0.0
38.750369,3,2017,80,480.0
16.666454,3,2017,80,0.0
35.362606,4,2017,100,480.0027777777778
34.014165,4,2017,100,0.0
78.86223,4,2017,120,480.0
74.047372,4,2017,120,0.0
2.173337,5,2017,140,480.0
33.876407,5,2017,140,0.0
14.355092,6,2017,160,480.0
9.926868,6,2017,160,0.0
13.232124,6,2017,180,480.0
5.290437,6,2017,180,0.0
17.32621,7,2017,195,359.93000027777776
56.606573,7,2017,195,0.0
4.145292,7,2017,200,120.00055527777778
4.905937,7,2017,200,0.0
7.26986,8,2017,215,359.9994447222222
30.770055,8,2017,220,120.00055527777778
29.864422,8,2017,220,0.0
24.924147,8,2017,235,359.9994447222222
38.071964,8,2017,235,0.0
99.788869,9,2017,255,480.01666666666665
100.0,9,2017,255,0.0
92.538495,9,2017,260,119.9977775
89.208214,9,2017,260,0.0
7.740114,10,2017,275,360.0272225
25.499314,10,2017,275,0.0
0.36628,10,2017,280,120.01444416666666
0.254639,10,2017,280,0.0
0.31469,10,2017,295,360.0244447222222
0.13944,10,2017,295,0.0
85.34812,10,2017,300,120.0116663888889
17.718916,10,2017,300,0.0
63.161718,11,2017,320,480.02777777777777
25.76743,11,2017,320,0.0
82.206296,11,2017,325,120.0022225
98.711066,11,2017,325,0.0
69.510872,12,2017,335,240.01111111111112
98.342329,12,2017,335,0.0
0.22706,12,2017,340,120.00333305555556
5.567645,12,2017,340,0.0
0.284254,12,2017,345,120.0022225
0.492822,12,2017,345,0.0
12.441809,12,2017,355,240.00277777777777
13.206259,12,2017,355,0.0
84.964046,12,2017,360,120.00055527777778
64.494962,12,2017,360,0.0
77.633686,12,2017,365,119.99666694444444
27.167026,12,2017,365,0.0
99.883163,1,2018,10,239.99722222222223
81.67153,1,2018,10,0.0
97.673229,1,2018,15,119.99499972222225
99.853946,1,2018,15,0.0
0.14853,1,2018,20,119.99388916666666
1.72901,1,2018,20,0.0
73.815978,1,2018,30,239.98888888888888
81.017972,1,2018,30,0.0
67.420407,2,2018,35,119.99222194444444
91.17092,2,2018,35,0.0
11.230487,2,2018,40,119.99111138888888
45.313284,2,2018,40,0.0
99.154163,2,2018,45,119.99222194444444
99.999974,2,2018,45,0.0
99.602598,2,2018,50,119.9883336111111
99.348947,2,2018,50,0.0
97.441596,2,2018,55,119.99222194444444
76.346127,2,2018,55,0.0
1.759633,3,2018,60,119.99666694444444
4.489289,3,2018,60,0.0
0.841358,3,2018,65,119.98388888888888
0.47597,3,2018,65,0.0
0.455991,3,2018,75,239.97777749999997
0.057358,3,2018,75,0.0
68.981754,3,2018,80,119.99111138888888
4.859407,3,2018,80,0.0
93.573101,3,2018,85,120.00055527777778
58.082484,3,2018,90,119.98277805555556
56.156623,3,2018,90,0.0
60.836083,4,2018,95,119.9977775
99.487532,4,2018,95,0.0
12.054243,4,2018,100,119.99944472222222
0.092759,4,2018,100,0.0
0.827263,4,2018,105,120.00055527777778
0.738838,4,2018,105,0.0
41.196504,4,2018,110,119.99944472222222
82.831577,4,2018,110,0.0
98.345496,4,2018,115,120.02277694444444
96.382308,4,2018,115,0.0
10.016088,4,2018,120,119.97722305555556
0.954199,4,2018,120,0.0
0.314621,5,2018,125,120.00055472222222
0.577496,5,2018,125,0.0
59.881446,5,2018,130,119.99944527777778
84.506042,5,2018,130,0.0
99.999995,5,2018,135,120.00055472222222
71.209615,5,2018,135,0.0
96.364865,5,2018,140,119.99944527777778
95.356444,5,2018,140,0.0
98.555769,5,2018,145,120.00055472222222
92.990675,5,2018,145,0.0
1.314529,5,2018,150,119.99944444444444
0.747343,5,2018,150,0.0
95.204165,6,2018,155,120.00055555555556
79.951826,6,2018,155,0.0
27.366929,6,2018,160,119.99944444444444
33.136255,6,2018,160,0.0
25.638266,6,2018,165,120.00055555555556
10.180498,6,2018,165,0.0
95.399793,6,2018,170,119.99944444444444
91.680679,6,2018,170,0.0
95.275252,6,2018,175,120.00055555555556
97.984791,6,2018,175,0.0
1.133974,6,2018,180,119.99944444444444
1.185209,6,2018,180,0.0
10.863769,7,2018,185,120.02277777777778
30.443986,7,2018,185,0.0
17.237702,7,2018,190,120.03
26.676288,7,2018,190,0.0
44.834583,7,2018,195,119.94777777777776
5.984527,7,2018,195,0.0
0.484708,7,2018,200,119.99944444444444
0.93871,7,2018,200,0.0
42.301558,7,2018,205,120.00055555555556
55.076028,7,2018,205,0.0
0.202814,7,2018,210,119.99944444444444
1.476919,7,2018,210,0.0
0.275622,8,2018,215,120.00055555555556
0.561863,8,2018,215,0.0
81.391925,8,2018,220,119.99944444444444
99.985158,8,2018,220,0.0
99.976026,8,2018,225,120.00055555555556
98.821991,8,2018,225,0.0
3.544162,8,2018,230,119.99666666666668
12.635393,8,2018,230,0.0
7.703591,8,2018,235,120.00333333333332
38.365588,8,2018,235,0.0
25.136437,8,2018,240,120.03
2.109206,8,2018,240,0.0
14.154443,9,2018,245,119.97
35.773113,9,2018,245,0.0
96.923602,9,2018,250,120.02166666666666
98.311676,9,2018,250,0.0
85.938999,9,2018,255,119.98388888888888
95.131281,9,2018,255,0.0
24.301942,9,2018,260,120.00777777777778
18.490033,9,2018,260,0.0
79.360632,9,2018,265,120.01166666666668
54.263503,9,2018,265,0.0
0.115907,9,2018,270,120.00777777777778
0.235915,9,2018,270,0.0
17.030127,10,2018,275,120.01166666666668
17.037216,10,2018,275,0.0
99.145778,10,2018,280,120.00777777777778
88.20443,10,2018,280,0.0
94.370256,10,2018,285,120.01166666666668
91.351786,10,2018,285,0.0
94.153169,10,2018,290,120.00777777777778
90.76178,10,2018,290,0.0
93.674465,10,2018,295,120.00888888888888
95.139962,10,2018,295,0.0
0.319737,10,2018,300,120.01055555555556
0.109273,10,2018,300,0.0
49.667141,11,2018,305,120.00611111111112
94.261443,11,2018,305,0.0
1.308991,11,2018,310,120.00777777777778
25.109594,11,2018,310,0.0
95.958805,11,2018,315,120.00611111111112
98.131828,11,2018,315,0.0
0.096178,11,2018,320,120.00777777777778
0.167594,11,2018,320,0.0
20.679485,11,2018,325,120.00611111111112
12.756365,11,2018,325,0.0
0.176692,11,2018,330,120.005
0.168458,11,2018,330,0.0
15.110458,12,2018,335,120.00333333333332
49.900143,12,2018,335,0.0
99.958447,12,2018,340,120.005
99.688675,12,2018,340,0.0
95.30355,12,2018,345,120.00055555555556
65.752991,12,2018,345,0.0
99.413478,12,2018,350,120.00222222222222
99.998505,12,2018,350,0.0
5.249419,12,2018,355,120.00055555555556
3.530594,12,2018,355,0.0
98.70425,12,2018,360,120.00222222222222
99.958399,12,2018,360,0.0
94.764141,12,2018,365,119.99777777777778
66.440038,12,2018,365,0.0
0.128332,1,2019,5,119.99666666666668
1.503796,1,2019,5,0.0
98.999941,1,2019,10,119.99777777777778
99.431068,1,2019,10,0.0
77.289161,1,2019,15,119.99666666666668
21.621936,1,2019,15,0.0
99.986666,1,2019,20,119.995
99.859802,1,2019,20,0.0
99.832392,1,2019,25,119.99388888888888
98.45101,1,2019,25,0.0
0.159104,1,2019,30,119.99222222222222
0.224369,1,2019,30,0.0
99.996079,2,2019,40,239.98333333333332
99.985958,2,2019,40,0.0
99.275921,2,2019,45,119.99388888888888
99.959721,2,2019,45,0.0
99.999999,2,2019,50,119.98944444444444
99.999996,2,2019,50,0.0
0.595669,2,2019,55,119.99111111111112
0.59201,2,2019,55,0.0
100.0,3,2019,60,119.98944444444444
100.0,3,2019,60,0.0
2.921803,3,2019,65,119.99111111111112
7.236045,3,2019,65,0.0
99.999956,3,2019,70,119.98944444444444
99.711041,3,2019,70,0.0
7.373805,3,2019,75,119.98833333333332
28.675866,3,2019,75,0.0
0.19567,3,2019,80,119.99222222222222
0.141401,3,2019,80,0.0
1.973574,3,2019,85,119.99111111111112
2.406856,3,2019,85,0.0
0.775996,3,2019,90,119.98944444444444
2.137535,3,2019,90,0.0
95.965127,4,2019,95,119.99666666666668
74.717833,4,2019,95,0.0
89.343773,4,2019,100,120.00055555555556
73.600551,4,2019,100,0.0
4.634359,4,2019,105,120.00222222222222
0.984199,4,2019,105,0.0
0.305162,4,2019,110,119.99777777777778
0.180592,4,2019,110,0.0
0.583164,4,2019,115,120.00222222222222
17.260118,4,2019,115,0.0
98.878116,4,2019,120,120.00055555555556
98.07365,4,2019,120,0.0
20.542571,5,2019,125,119.99944444444444
16.146267,5,2019,125,0.0
68.355455,5,2019,130,120.00055555555556
86.73957,5,2019,130,0.0
0.308689,5,2019,135,119.99944444444444
0.723346,5,2019,135,0.0
94.669785,5,2019,140,119.99777777777778
89.213317,5,2019,140,0.0
30.560807,5,2019,145,120.00222222222222
65.517439,5,2019,145,0.0
1.091359,5,2019,150,119.99777777777778
0.554773,5,2019,150,0.0
95.289417,6,2019,155,120.00222222222222
98.185704,6,2019,155,0.0
38.158151,6,2019,160,119.99777777777778
91.700917,6,2019,160,0.0
86.589168,6,2019,165,120.00222222222222
72.802652,6,2019,165,0.0
18.763408,6,2019,170,120.00055555555556
28.708686,6,2019,170,0.0
0.493592,6,2019,175,119.99944444444444
2.086062,6,2019,175,0.0
2.592095,6,2019,180,120.00055555555556
3.66398,6,2019,180,0.0
43.011853,7,2019,185,119.99944444444444
38.202613,7,2019,185,0.0
12.715176,7,2019,190,120.00055555555556
7.817234,7,2019,190,0.0
47.054154,7,2019,195,119.99944444444444
59.115654,7,2019,195,0.0
0.374627,7,2019,200,120.00055555555556
0.988268,7,2019,200,0.0
8.241605,7,2019,205,119.99944444444444
1.22281,7,2019,205,0.0
5.125535,7,2019,210,120.00055555555556
52.982887,7,2019,210,0.0
84.155776,8,2019,215,119.99944444444444
94.160545,8,2019,215,0.0
92.990589,8,2019,220,120.00055555555556
99.088602,8,2019,220,0.0
74.69855,8,2019,225,119.99944444444444
97.37544,8,2019,225,0.0
24.679546,8,2019,230,119.99777777777778
54.18627,8,2019,230,0.0
98.681496,8,2019,235,120.00222222222222
23.508312,8,2019,240,119.99777777777778
2.862026,9,2019,245,119.99944444444444
1.724149,9,2019,245,0.0
0.243821,9,2019,250,120.00055555555556
0.125475,9,2019,250,0.0
15.615776,9,2019,255,120.00222222222222
5.693459,9,2019,255,0.0
6.430163,9,2019,260,120.01166666666668
2.87665,9,2019,260,0.0
90.341778,9,2019,265,120.01055555555556
93.403555,9,2019,265,0.0
0.282833,9,2019,270,120.00888888888888
0.132497,9,2019,270,0.0
8.93055,10,2019,275,120.01055555555556
1.084193,10,2019,275,0.0
0.250261,10,2019,280,120.01166666666668
0.136491,10,2019,280,0.0
0.333198,10,2019,285,120.00777777777778
0.219738,10,2019,285,0.0
0.233715,10,2019,290,120.01166666666668
0.125288,10,2019,290,0.0
0.112336,10,2019,295,120.00777777777778
0.203477,10,2019,295,0.0
0.286479,10,2019,300,120.00888888888888
0.142824,10,2019,300,0.0
0.548562,11,2019,305,120.00777777777778
0.4417,11,2019,305,0.0
94.136692,11,2019,310,120.00611111111112
95.843136,11,2019,310,0.0
98.753463,11,2019,315,120.00777777777778
95.553933,11,2019,315,0.0
10.69094,11,2019,320,120.00611111111112
22.863619,11,2019,320,0.0
98.33744,11,2019,325,120.005
90.308443,11,2019,325,0.0
98.729291,11,2019,330,120.00611111111112
98.531451,11,2019,330,0.0
2.906001,12,2019,335,120.00222222222222
0.586053,12,2019,335,0.0
65.062365,12,2019,340,120.00611111111112
7.141047,12,2019,340,0.0
30.772641,12,2019,345,119.99944444444444
3.580381,12,2019,345,0.0
99.216152,12,2019,350,120.00333333333332
80.576791,12,2019,350,0.0
97.017995,12,2019,355,120.00222222222222
95.1926,12,2019,355,0.0
18.411633,12,2019,360,119.99777777777778
76.727062,12,2019,360,0.0
37.512428,12,2019,365,119.99944444444444
20.42104,12,2019,365,0.0
0.065734,1,2020,5,119.99777777777778
0.171877,1,2020,5,0.0
79.730304,1,2020,10,119.99666666666668
80.370184,1,2020,10,0.0
99.219954,1,2020,15,119.995
96.068545,1,2020,15,0.0
0.20425,1,2020,20,119.99666666666668
0.091255,1,2020,20,0.0
84.270709,1,2020,25,119.99222222222222
71.371605,1,2020,25,0.0
99.908741,1,2020,30,119.99388916666666
99.999879,1,2020,30,0.0
99.363042,2,2020,35,119.99222194444444
85.621906,2,2020,35,0.0
95.141473,2,2020,40,119.99388888888888
96.534708,2,2020,40,0.0
7.958413,2,2020,45,119.98944472222222
43.80817,2,2020,45,0.0
7.903975,2,2020,50,119.99111083333334
20.65618,2,2020,50,0.0
99.618477,2,2020,55,119.98944444444444
99.112372,2,2020,55,0.0
88.96559,2,2020,60,119.97722222222222
44.11956,2,2020,60,0.0
0.19636,3,2020,65,120.00333333333332
0.056751,3,2020,65,0.0
18.094023,3,2020,70,119.97722222222222
9.46823,3,2020,70,0.0
100.0,3,2020,75,120.00333333333332
100.0,3,2020,75,0.0
99.532248,3,2020,80,119.97444444444444
99.993945,3,2020,80,0.0
30.248979,3,2020,85,120.00611111111112
40.348801,3,2020,85,0.0
100.0,3,2020,90,119.9883336111111
100.0,3,2020,90,0.0
99.983908,4,2020,95,120.00055527777778
99.999573,4,2020,95,0.0
99.561876,4,2020,100,119.99944444444444
93.428744,4,2020,100,0.0
77.264773,4,2020,105,120.00055555555556
86.862605,4,2020,105,0.0
88.85783,4,2020,110,119.99944444444444
59.43979,4,2020,115,120.00055555555556
90.182657,4,2020,115,0.0
1.345872,4,2020,120,119.99944444444444
7.707407,4,2020,120,0.0
4.182139,5,2020,125,120.00333333333332
0.360161,5,2020,125,0.0
4.696043,5,2020,130,119.99666666666668
0.296452,5,2020,130,0.0
13.915279,5,2020,135,120.00333333333332
50.517013,5,2020,135,0.0
5.099085,5,2020,140,119.99666666666668
1.192228,5,2020,140,0.0
74.767293,5,2020,145,120.00333333333332
94.673708,5,2020,145,0.0
0.834075,5,2020,150,119.99666666666668
1.456524,5,2020,150,0.0
1.472567,6,2020,155,120.00333333333332
6.243609,6,2020,155,0.0
16.619914,6,2020,160,119.99666666666668
25.178128,6,2020,160,0.0
0.365775,6,2020,165,120.00333333333332
1.026843,6,2020,165,0.0
3.805183,6,2020,170,119.99666666666668
1.325576,6,2020,170,0.0
100.0,6,2020,175,120.00333333333332
100.0,6,2020,175,0.0
86.650579,6,2020,180,119.99666666666668
85.164703,6,2020,180,0.0
2.835556,7,2020,185,120.00333333333332
6.971306,7,2020,185,0.0
19.649854,7,2020,190,119.99666666666668
17.5833,7,2020,190,0.0
65.682939,7,2020,195,120.00333333333332
99.987918,7,2020,195,0.0
0.65962,7,2020,200,119.99666666666668
8.441251,7,2020,200,0.0
37.879808,7,2020,205,120.00333333333332
86.722306,7,2020,205,0.0
98.197103,7,2020,210,119.99666666666668
94.310304,7,2020,210,0.0
4.13386,8,2020,215,120.00333333333332
19.341241,8,2020,215,0.0
72.521567,8,2020,220,119.99666666666668
45.307703,8,2020,220,0.0
45.995316,8,2020,225,120.00333333333332
50.500702,8,2020,225,0.0
5.891615,8,2020,230,119.99666666666668
20.173063,8,2020,230,0.0
0.294054,8,2020,235,120.00333333333332
2.138544,8,2020,235,0.0
41.094857,8,2020,240,119.99666666666668
92.323933,8,2020,240,0.0
100.0,9,2020,245,120.00333333333332
82.118565,9,2020,245,0.0
0.19983,9,2020,250,119.99666666666668
4.128684,9,2020,250,0.0
99.188917,9,2020,255,120.00611111111112
97.801185,9,2020,255,0.0
9.215668,9,2020,260,119.99388888888888
12.115436,9,2020,260,0.0
9.921456,9,2020,265,120.02555555555556
2.329413,9,2020,265,0.0
0.195899,9,2020,270,119.99388888888888
0.106238,9,2020,270,0.0
13.211125,10,2020,275,120.02555555555556
14.045922,10,2020,275,0.0
0.167743,10,2020,280,119.99388888888888
0.078414,10,2020,280,0.0
0.23262,10,2020,285,120.02555555555556
0.096976,10,2020,285,0.0
29.828645,10,2020,290,120.01055555555556
14.686806,10,2020,290,0.0
5.458593,10,2020,295,120.00888888888888
12.768475,10,2020,295,0.0
99.936072,10,2020,300,120.00777777777778
94.363129,10,2020,300,0.0
56.794609,10,2020,305,120.00888888888888
36.751244,10,2020,305,0.0
0.186423,11,2020,310,120.00777777777778
0.105331,11,2020,310,0.0
0.487072,11,2020,315,120.00611111111112
37.975261,11,2020,315,0.0
0.724717,11,2020,320,120.005
0.494303,11,2020,320,0.0
0.547384,11,2020,325,120.00611111111112
6.333759,11,2020,325,0.0
4.346025,11,2020,330,120.005
0.281048,11,2020,330,0.0
0.722932,11,2020,335,120.00611111111112
7.220741,11,2020,335,0.0
0.453423,12,2020,340,120.00222222222222
0.099786,12,2020,340,0.0
0.338685,12,2020,345,120.00055555555556
0.112606,12,2020,345,0.0
95.481823,12,2020,350,120.00222222222222
95.890991,12,2020,350,0.0
1.40808,12,2020,355,120.00333333333332
0.245202,12,2020,355,0.0
0.222654,12,2020,360,119.99944444444444
0.084685,12,2020,360,0.0
80.904808,12,2020,365,119.99777777777778
82.337171,12,2020,365,0.0
1.735456,1,2021,4,119.99944444444444
0.110155,1,2021,4,0.0
42.911097,1,2021,9,119.995
8.149387,1,2021,9,0.0
30.037631,1,2021,14,119.99666666666668
56.496641,1,2021,14,0.0
96.089423,1,2021,19,119.995
96.399359,1,2021,19,0.0
97.966933,1,2021,24,119.99388888888888
98.209166,1,2021,24,0.0
99.999988,1,2021,29,119.995
99.999693,1,2021,29,0.0
2.82395,2,2021,34,119.99111111111112
4.227709,2,2021,34,0.0
99.775161,2,2021,39,119.99222222222222
99.841434,2,2021,39,0.0
83.444635,2,2021,44,119.99111111111112
95.572753,2,2021,44,0.0
1.309923,2,2021,49,119.98944444444444
7.334801,2,2021,49,0.0
0.27279,2,2021,54,119.99111111111112
0.115814,2,2021,54,0.0
97.848815,2,2021,59,119.99222222222222
99.599346,2,2021,59,0.0
90.141475,3,2021,64,119.97444444444444
93.325173,3,2021,64,0.0
11.862338,3,2021,69,120.00611111111112
75.745084,3,2021,69,0.0
0.718153,3,2021,74,119.97166666666666
0.131419,3,2021,74,0.0
0.725429,3,2021,79,120.00611111111112
1.070088,3,2021,79,0.0
94.200217,3,2021,84,119.97722222222222
74.997388,3,2021,84,0.0
60.41595,3,2021,89,120.00333333333332
51.529145,3,2021,89,0.0
43.752107,4,2021,94,119.99666666666668
38.806465,4,2021,94,0.0
95.79739,4,2021,99,120.00055555555556
93.757651,4,2021,99,0.0
99.774784,4,2021,104,119.99944444444444
99.996156,4,2021,104,0.0
0.301295,4,2021,109,120.00055555555556
0.312089,4,2021,109,0.0
83.240964,4,2021,114,119.99666666666668
96.6794,4,2021,114,0.0
79.672773,4,2021,119,120.00333333333332
79.564757,4,2021,119,0.0
83.544555,5,2021,124,119.99944444444444
91.740589,5,2021,124,0.0
88.386246,5,2021,129,120.00055555555556
99.673103,5,2021,129,0.0
9.600499,5,2021,134,119.99944444444444
38.786256,5,2021,134,0.0
99.999903,5,2021,139,120.00055555555556
99.999998,5,2021,139,0.0
87.167166,5,2021,144,119.99944444444444
94.127713,5,2021,144,0.0
0.448011,5,2021,149,120.00055555555556
1.075707,5,2021,149,0.0
30.191118,6,2021,154,119.99944444444444
21.340579,6,2021,154,0.0
77.261753,6,2021,159,120.00055555555556
98.74591,6,2021,159,0.0
29.24278,6,2021,164,119.99944444444444
34.695833,6,2021,164,0.0
1.647344,6,2021,169,120.00055555555556
3.858499,6,2021,169,0.0
27.952001,6,2021,174,119.99944444444444
54.14026,6,2021,174,0.0
91.967263,6,2021,179,120.00055555555556
97.596746,6,2021,179,0.0
9.147663,7,2021,184,119.99944444444444
0.931719,7,2021,184,0.0
16.217373,7,2021,189,120.00055555555556
10.19508,7,2021,189,0.0
2.065232,7,2021,194,119.99944444444444
0.25555,7,2021,194,0.0
19.618375,7,2021,199,120.00055555555556
53.448862,7,2021,199,0.0
0.306661,7,2021,204,119.99944444444444
1.019318,7,2021,204,0.0
15.575222,7,2021,209,120.00055555555556
5.230882,7,2021,209,0.0
9.139096,8,2021,214,119.99944444444444
6.206546,8,2021,214,0.0
14.094674,8,2021,219,120.00055555555556
0.536555,8,2021,219,0.0
44.852719,8,2021,224,119.99944444444444
35.873771,8,2021,224,0.0
65.454304,8,2021,229,120.00055555555556
51.799295,8,2021,229,0.0
2.691932,8,2021,234,119.99944444444444
3.770314,8,2021,234,0.0
12.927213,8,2021,239,120.00055555555556
10.475846,8,2021,239,0.0
0.50774,9,2021,244,119.99944444444444
0.15633,9,2021,244,0.0
2.612471,9,2021,249,120.00055555555556
0.120355,9,2021,249,0.0
0.159422,9,2021,254,119.99944444444444
0.065479,9,2021,254,0.0
6.09951,9,2021,259,120.01444444444444
8.690867,9,2021,259,0.0
28.862518,9,2021,264,119.99388888888888
33.139081,9,2021,264,0.0
0.13096,9,2021,269,120.02555555555556
0.271973,9,2021,269,0.0
99.766378,10,2021,274,119.99388888888888
99.226297,10,2021,274,0.0
2.336958,10,2021,279,120.02833333333334
32.193449,10,2021,279,0.0
0.291482,10,2021,284,119.99111111111112
0.137457,10,2021,284,0.0
8.621481,11,2021,309,600.0588888888889
5.08304,11,2021,309,0.0
99.999511,11,2021,314,120.00777777777778
99.951412,11,2021,314,0.0
0.241619,11,2021,319,120.00611111111112
0.106132,11,2021,319,0.0
94.564623,11,2021,324,120.005
94.58045,11,2021,324,0.0
93.149593,11,2021,324,0.0
93.080074,11,2021,324,0.0
2.719246,11,2021,329,120.00611111111112
4.954787,11,2021,329,0.0
0.22619,11,2021,334,120.00222222222222
0.099357,11,2021,334,0.0
22.913288,12,2021,339,120.00611111111112
33.01089,12,2021,339,0.0
99.294641,12,2021,344,119.99944444444444
86.484625,12,2021,344,0.0
79.176788,12,2021,349,120.00333333333332
87.808416,12,2021,349,0.0
68.096896,12,2021,354,119.99944444444444
93.290609,12,2021,354,0.0
80.985692,12,2021,359,120.00333333333332
46.09011,12,2021,359,0.0
39.987049,12,2021,364,119.99666666666668
27.089655,12,2021,364,0.0
99.999985,1,2022,4,120.00055555555556
100.0,1,2022,4,0.0
22.171855,1,2022,9,119.99388888888888
27.334505,1,2022,9,0.0
99.583211,1,2022,14,119.99777777777778
99.882505,1,2022,14,0.0
98.061977,1,2022,19,119.99388888888888
92.948301,1,2022,19,0.0
0.233029,1,2022,24,119.995
0.077791,1,2022,24,0.0
0.500002,1,2022,29,119.99111111111112
0.137647,1,2022,29,0.0
99.992257,2,2022,34,119.995
99.8119,2,2022,34,0.0
99.810952,2,2022,34,0.0
98.738086,2,2022,34,0.0
0.083225,2,2022,39,119.99111111111112
0.040781,2,2022,39,0.0
7.081102,2,2022,44,119.99222222222222
8.664169,2,2022,44,0.0
0.454348,2,2022,49,119.98833333333332
0.486584,2,2022,49,0.0
2.606351,2,2022,49,0.0
2.717715,2,2022,49,0.0
99.999481,2,2022,54,119.995
100.0,2,2022,54,0.0
28.825986,2,2022,59,119.97166666666666
23.792581,2,2022,59,0.0
21.186613,3,2022,64,120.00888888888888
21.181585,3,2022,64,0.0
77.586895,3,2022,64,0.0
77.573973,3,2022,64,0.0
39.453283,3,2022,69,119.97166666666666
39.404008,3,2022,69,0.0
54.351711,3,2022,69,0.0
54.409802,3,2022,69,0.0
0.001271,3,2022,74,120.00611111111112
12.063383,3,2022,74,0.0
12.033153,3,2022,74,0.0
0.001297,3,2022,74,0.0
25.941277,3,2022,79,119.97444444444444
4.839883,3,2022,79,0.0
0.886201,3,2022,84,120.00611111111112
0.175979,3,2022,84,0.0
99.995649,3,2022,89,119.98555555555556
99.993956,3,2022,89,0.0
99.998063,3,2022,89,0.0
99.999517,3,2022,89,0.0
99.782097,4,2022,94,120.00055555555556
99.782294,4,2022,94,0.0
99.771178,4,2022,94,0.0
99.966204,4,2022,94,0.0
0.065096,4,2022,99,119.99944444444444
0.067024,4,2022,99,0.0
0.156333,4,2022,99,0.0
0.157389,4,2022,99,0.0
3.098497,4,2022,104,120.00055555555556
0.165647,4,2022,104,0.0
3.035435,4,2022,104,0.0
0.162775,4,2022,104,0.0
41.691777,4,2022,109,119.99944444444444
70.782393,4,2022,109,0.0
70.790136,4,2022,109,0.0
41.64789,4,2022,109,0.0
91.538173,4,2022,114,120.00333333333332
99.896693,4,2022,114,0.0
99.993604,4,2022,114,0.0
91.536188,4,2022,114,0.0
99.99817,5,2022,124,239.99722222222223
99.998105,5,2022,124,0.0
99.8384,5,2022,124,0.0
99.836379,5,2022,124,0.0
38.797006,5,2022,129,119.99944444444444
2.103755,5,2022,129,0.0
38.79858,5,2022,129,0.0
2.10563,5,2022,129,0.0
1.238463,5,2022,134,120.00055555555556
1.240859,5,2022,134,0.0
2.324015,5,2022,134,0.0
2.327548,5,2022,134,0.0
0.929108,5,2022,139,119.99944444444444
0.01635,5,2022,139,0.0
100.0,5,2022,144,120.00333333333332
99.999946,5,2022,144,0.0
57.448328,5,2022,149,119.99666666666668
57.479405,5,2022,149,0.0
35.293326,5,2022,149,0.0
35.316455,5,2022,149,0.0
89.566803,6,2022,154,120.00333333333332
72.162598,6,2022,154,0.0
100.0,6,2022,159,119.99666666666668
100.0,6,2022,159,0.0
0.00853,6,2022,164,120.00333333333332
0.516554,6,2022,164,0.0
5.265387,6,2022,169,119.99666666666668
5.281509,6,2022,169,0.0
19.256373,6,2022,169,0.0
19.257215,6,2022,169,0.0
0.530217,6,2022,174,120.00333333333332
5.785018,6,2022,174,0.0
42.710838,6,2022,179,119.99944444444444
42.734209,6,2022,179,0.0
22.131538,6,2022,179,0.0
22.114256,6,2022,179,0.0
12.257571,7,2022,184,120.00055555555556
9.395006,7,2022,184,0.0
20.728424,7,2022,189,119.99944444444444
55.031812,7,2022,189,0.0
43.603933,7,2022,194,120.00055555555556
43.685558,7,2022,194,0.0
0.181992,7,2022,194,0.0
0.17955,7,2022,194,0.0
0.451255,7,2022,199,119.99944444444444
0.455836,7,2022,199,0.0
0.348041,7,2022,199,0.0
0.346353,7,2022,199,0.0
10.330248,7,2022,204,120.00055555555556
31.504092,7,2022,204,0.0
72.781891,7,2022,209,119.99944444444444
72.817463,7,2022,209,0.0
87.387377,7,2022,209,0.0
87.398052,7,2022,209,0.0
0.301394,8,2022,214,120.00055555555556
0.300388,8,2022,214,0.0
0.508081,8,2022,214,0.0
0.508293,8,2022,214,0.0
79.659045,8,2022,219,119.99666666666668
79.674506,8,2022,219,0.0
83.031082,8,2022,219,0.0
83.031148,8,2022,219,0.0
16.18237,8,2022,224,120.00333333333332
16.16845,8,2022,224,0.0
21.000163,8,2022,224,0.0
20.974803,8,2022,224,0.0
99.984568,8,2022,229,119.99666666666668
99.898303,8,2022,229,0.0
99.899119,8,2022,229,0.0
99.982995,8,2022,229,0.0
46.984544,8,2022,234,120.00333333333332
64.919341,8,2022,234,0.0
53.96964,8,2022,239,119.99666666666668
54.017317,8,2022,239,0.0
25.288352,8,2022,239,0.0
25.302848,8,2022,239,0.0
99.862194,9,2022,244,120.00333333333332
99.991798,9,2022,244,0.0
2.837837,9,2022,249,119.99666666666668
1.803869,9,2022,249,0.0
25.03984,9,2022,254,120.00611111111112
29.463354,9,2022,254,0.0
29.470021,9,2022,254,0.0
25.0395,9,2022,254,0.0
6.198241,9,2022,259,119.99388888888888
9.125473,9,2022,259,0.0
6.191735,9,2022,259,0.0
9.106545,9,2022,259,0.0
4.883913,9,2022,264,120.02555555555556
4.887512,9,2022,264,0.0
6.012148,9,2022,264,0.0
6.014799,9,2022,264,0.0
0.000617,9,2022,269,120.00777777777778
0.000113,9,2022,269,0.0
9.793104,10,2022,274,120.01166666666668
9.808239,10,2022,274,0.0
0.899678,10,2022,274,0.0
0.901067,10,2022,274,0.0
0.334374,10,2022,279,120.00777777777778
3.795436,10,2022,279,0.0
3.802031,10,2022,279,0.0
0.332981,10,2022,279,0.0
97.235876,10,2022,284,120.01166666666668
46.135563,10,2022,284,0.0
99.999797,10,2022,289,120.00777777777778
100.0,10,2022,289,0.0
100.0,10,2022,289,0.0
99.999803,10,2022,289,0.0
0.000537,10,2022,294,120.00888888888888
0.000252,10,2022,294,0.0
0.00012,10,2022,299,120.00777777777778
0.000568,10,2022,299,0.0
19.025832,10,2022,304,120.00888888888888
31.922606,10,2022,304,0.0
1.423675,11,2022,309,120.00777777777778
0.000458,11,2022,309,0.0
91.345233,11,2022,314,120.00888888888888
98.08706,11,2022,314,0.0
0.002054,11,2022,319,120.005
48.253167,11,2022,319,0.0
0.040269,11,2022,324,120.00611111111112
0.063779,11,2022,324,0.0
92.194349,11,2022,329,120.005
50.147092,11,2022,329,0.0
0.010279,11,2022,334,120.00611111111112
0.024508,11,2022,334,0.0
5.13588,12,2022,339,120.00222222222222
93.165392,12,2022,339,0.0
99.927831,12,2022,344,120.00333333333332
99.846417,12,2022,344,0.0
0.007326,12,2022,349,119.99944444444444
0.00252,12,2022,349,0.0
100.0,12,2022,354,120.00333333333332
22.575569,12,2022,354,0.0
29.945824,12,2022,359,119.99944444444444
0.09794,12,2022,359,0.0
14.202951,12,2022,364,119.99777777777778
10.513619,12,2022,364,0.0
0.000989,1,2023,4,119.99944444444444
0.000926,1,2023,4,0.0
0.077059,1,2023,4,0.0
0.077532,1,2023,4,0.0
4.878578,1,2023,9,119.995
4.894473,1,2023,9,0.0
54.183894,1,2023,9,0.0
54.219431,1,2023,9,0.0
99.995631,1,2023,14,119.99666666666668
99.955523,1,2023,14,0.0
99.954206,1,2023,14,0.0
99.993992,1,2023,14,0.0
0.05855,1,2023,19,119.995
0.059243,1,2023,19,0.0
0.000859,1,2023,19,0.0
0.000775,1,2023,19,0.0
100.0,1,2023,24,119.99388888888888
100.0,1,2023,24,0.0
100.0,1,2023,24,0.0
100.0,1,2023,24,0.0
100.0,1,2023,29,119.995
100.0,1,2023,29,0.0
0.000382,2,2023,34,119.99111111111112
0.000431,2,2023,34,0.0
0.000532,2,2023,34,0.0
0.000585,2,2023,34,0.0
99.981701,2,2023,39,119.99222222222222
99.981391,2,2023,39,0.0
99.439365,2,2023,39,0.0
99.999642,2,2023,39,0.0
42.01951,2,2023,44,119.99111111111112
63.054627,2,2023,44,0.0
63.03302,2,2023,44,0.0
41.967979,2,2023,44,0.0
92.640066,2,2023,49,119.99222222222222
100.0,2,2023,49,0.0
92.65334,2,2023,49,0.0
13.652416,2,2023,54,119.99111166666664
1.149143,2,2023,54,0.0
13.632371,2,2023,54,0.0
90.220696,3,2023,64,239.98055527777777
90.223444,3,2023,64,0.0
63.684624,3,2023,64,0.0
63.692969,3,2023,64,0.0
90.796435,3,2023,69,119.98666638888888
44.906285,3,2023,69,0.0
44.917914,3,2023,69,0.0
90.80708,3,2023,69,0.0
99.927121,3,2023,74,119.99388888888888
99.926823,3,2023,74,0.0
98.864955,3,2023,74,0.0
98.862123,3,2023,74,0.0
97.658402,3,2023,79,119.98944444444444
88.24538,3,2023,79,0.0
5.158827,3,2023,84,119.97444444444444
5.218158,3,2023,84,0.0
17.879824,3,2023,84,0.0
17.88501,3,2023,84,0.0
99.77141,3,2023,89,120.00333333333332
99.781793,3,2023,89,0.0
98.971689,3,2023,89,0.0
99.204123,3,2023,89,0.0
99.984056,4,2023,94,119.99666666666668
99.984825,4,2023,94,0.0
100.0,4,2023,94,0.0
100.0,4,2023,94,0.0
96.732193,4,2023,99,120.00055555555556
64.200997,4,2023,99,0.0
64.240301,4,2023,99,0.0
4.859204,4,2023,104,119.99944444444444
4.8616,4,2023,104,0.0
5.72806,4,2023,104,0.0
5.730832,4,2023,104,0.0
56.330073,4,2023,109,120.00055555555556
86.280137,4,2023,109,0.0
86.311364,4,2023,109,0.0
18.450922,4,2023,114,119.99944444444444
18.373871,4,2023,114,0.0
69.791502,4,2023,114,0.0
69.875455,4,2023,114,0.0
0.161983,4,2023,119,120.00055555555556
0.795256,4,2023,119,0.0
0.162977,4,2023,119,0.0
0.794118,4,2023,119,0.0
100.0,5,2023,124,119.99944444444444
100.0,5,2023,124,0.0
12.397391,5,2023,129,120.00055555555556
8.199457,5,2023,129,0.0
99.981326,5,2023,134,119.99944444444444
99.947858,5,2023,134,0.0
94.225246,5,2023,139,120.00055555555556
77.888572,5,2023,139,0.0
51.72137,5,2023,144,120.00222222222222
98.158681,5,2023,144,0.0
98.159659,5,2023,144,0.0
51.718152,5,2023,144,0.0
92.952192,5,2023,149,119.99777777777778
92.958349,5,2023,149,0.0
59.792459,5,2023,149,0.0
59.808218,5,2023,149,0.0
91.064584,6,2023,154,120.00222222222222
90.967089,6,2023,154,0.0
90.960842,6,2023,154,0.0
91.060001,6,2023,154,0.0
4.408535,6,2023,159,119.99777777777778
4.445042,6,2023,159,0.0
11.180512,6,2023,159,0.0
11.211913,6,2023,159,0.0
66.650575,6,2023,164,120.00222222222222
66.618544,6,2023,164,0.0
46.745011,6,2023,164,0.0
46.716672,6,2023,164,0.0
8.392169,6,2023,169,120.00055555555556
35.823742,6,2023,169,0.0
100.0,6,2023,174,119.99666666666668
100.0,6,2023,174,0.0
95.782226,6,2023,174,0.0
95.79289,6,2023,174,0.0
0.799606,6,2023,179,120.00055555555556
0.800505,6,2023,179,0.0
6.582019,6,2023,179,0.0
6.585208,6,2023,179,0.0
48.709291,7,2023,184,120.00222222222222
38.379699,7,2023,184,0.0
54.292142,7,2023,189,119.99777777777778
54.331058,7,2023,189,0.0
75.954878,7,2023,189,0.0
75.971484,7,2023,189,0.0
8.160434,7,2023,194,120.00222222222222
8.165756,7,2023,194,0.0
16.975813,7,2023,194,0.0
16.977999,7,2023,194,0.0
48.988867,7,2023,199,119.99777777777778
13.757885,7,2023,199,0.0
48.957586,7,2023,199,0.0
0.000252,7,2023,204,120.00222222222222
0.000226,7,2023,204,0.0
0.17102,7,2023,204,0.0
0.171271,7,2023,204,0.0
3.612045,7,2023,209,119.99777777777778
3.617221,7,2023,209,0.0
0.335665,7,2023,209,0.0
0.340432,7,2023,209,0.0
0.953064,8,2023,214,120.00222222222222
0.954287,8,2023,214,0.0
0.000866,8,2023,214,0.0
0.000879,8,2023,214,0.0
5.02427,8,2023,219,119.99777777777778
5.02646,8,2023,219,0.0
40.423453,8,2023,219,0.0
40.436557,8,2023,219,0.0
70.282686,8,2023,224,120.00222222222222
70.285326,8,2023,224,0.0
93.598628,8,2023,224,0.0
93.602294,8,2023,224,0.0
0.260674,8,2023,229,120.00055555555556
0.259354,8,2023,229,0.0
0.00564,8,2023,229,0.0
0.00574,8,2023,229,0.0
0.080842,8,2023,234,119.99944444444444
0.080906,8,2023,234,0.0
2.428146,8,2023,234,0.0
2.442813,8,2023,234,0.0
47.320595,8,2023,239,119.99777777777778
47.254834,8,2023,239,0.0
33.90944,8,2023,239,0.0
33.72108,8,2023,239,0.0
0.0,9,2023,244,120.00222222222222
4.6e-05,9,2023,244,0.0
4.6e-05,9,2023,244,0.0
0.0,9,2023,244,0.0
0.702947,9,2023,249,119.99777777777778
0.000466,9,2023,249,0.0
0.000438,9,2023,249,0.0
0.702536,9,2023,249,0.0
82.056767,9,2023,254,120.00222222222222
77.989405,9,2023,254,0.0
99.952024,9,2023,254,0.0
99.907976,9,2023,254,0.0
81.133705,9,2023,259,120.01166666666668
40.059268,9,2023,259,0.0
82.655418,9,2023,259,0.0
46.318081,9,2023,259,0.0
96.727908,9,2023,264,119.99388888888888
96.729714,9,2023,264,0.0
60.363597,9,2023,264,0.0
60.401994,9,2023,264,0.0
0.000276,9,2023,269,120.02555555555556
0.000309,9,2023,269,0.0
38.391787,10,2023,274,119.99388888888888
21.689884,10,2023,274,0.0
83.328706,10,2023,279,120.02555555555556
93.18586,10,2023,279,0.0
6.471336,10,2023,284,119.99388888888888
6.468771,10,2023,284,0.0
12.224667,10,2023,284,0.0
12.230808,10,2023,284,0.0
0.000103,10,2023,289,120.02555555555556
0.000175,10,2023,289,0.0
0.000158,10,2023,289,0.0
97.190833,10,2023,294,120.00777777777778
99.942017,10,2023,294,0.0
1.400825,10,2023,299,120.00888916666666
1.399448,10,2023,299,0.0
48.00086,10,2023,299,0.0
47.991812,10,2023,299,0.0
0.351273,10,2023,304,120.0077775
0.373609,10,2023,304,0.0
0.753071,10,2023,304,0.0
0.80799,10,2023,304,0.0
0.029914,11,2023,309,120.00888888888888
0.000481,11,2023,309,0.0
0.000524,11,2023,309,0.0
0.029522,11,2023,309,0.0
0.001715,11,2023,314,120.00777777777778
0.000457,11,2023,314,0.0
0.001765,11,2023,314,0.0
0.000457,11,2023,314,0.0
5e-05,11,2023,319,120.00611111111112
0.000529,11,2023,319,0.0
99.684811,11,2023,324,120.005
97.856176,11,2023,324,0.0
98.036814,11,2023,324,0.0
99.685717,11,2023,324,0.0
95.758867,11,2023,329,120.00333333333332
47.75621,11,2023,329,0.0
99.411052,11,2023,334,120.005
97.222298,11,2023,334,0.0
99.74649,11,2023,334,0.0
0.000332,12,2023,339,120.00333333333332
0.000365,12,2023,339,0.0
0.000517,12,2023,339,0.0
0.000531,12,2023,339,0.0
1.086772,12,2023,344,120.005
7.565559,12,2023,344,0.0
7.688382,12,2023,344,0.0
99.724323,12,2023,349,120.00055555555556
99.2531,12,2023,349,0.0
99.997997,12,2023,354,120.00222222222222
97.841901,12,2023,354,0.0
66.534591,12,2023,359,120.00055555555556
89.501798,12,2023,359,0.0
17.733525,12,2023,364,119.99944444444444
14.545228,12,2023,364,0.0
72.608089,1,2024,4,119.995
73.999494,1,2024,4,0.0
66.03027,1,2024,9,119.99944444444444
64.834416,1,2024,9,0.0
99.898887,1,2024,14,119.995
99.9062,1,2024,14,0.0
32.429746,1,2024,19,119.99666666666668
26.040918,1,2024,19,0.0
99.994308,1,2024,24,119.99222222222222
99.980056,1,2024,24,0.0
0.102027,1,2024,29,119.99388888888888
0.000764,1,2024,29,0.0
100.0,2,2024,34,119.99222222222222
99.882579,2,2024,34,0.0
0.287312,2,2024,39,119.99388888888888
0.008468,2,2024,39,0.0
0.000923,2,2024,44,119.98944444444444
0.001009,2,2024,44,0.0
0.48568,2,2024,49,119.99111111111112
0.415394,2,2024,49,0.0
0.003961,2,2024,54,119.99222222222222
0.017324,2,2024,54,0.0
84.189421,2,2024,59,119.97444444444444
10.490596,2,2024,59,0.0
58.460879,3,2024,64,120.00611111111112
79.892969,3,2024,64,0.0
0.001417,3,2024,69,119.97166666666666
0.000241,3,2024,69,0.0
39.237714,3,2024,74,120.00888888888888
99.406564,3,2024,74,0.0
0.000362,3,2024,79,119.97166666666666
0.000783,3,2024,79,0.0
99.983317,3,2024,84,120.00611111111112
99.970138,3,2024,84,0.0
95.985389,3,2024,89,119.98555555555556
100.0,3,2024,89,0.0
0.115637,4,2024,94,120.00055555555556
